Period Ending,Country,CLDR Territory Code,Legal Process,User Data Requests,Percentage of requests where some data produced,Users/Accounts Specified
2009-12-31,Argentina,AR,All,98,,
2009-12-31,Australia,AU,All,155,,
2009-12-31,Belgium,BE,All,67,,
2009-12-31,Brazil,BR,All,3663,,
2009-12-31,Canada,CA,All,41,,
2009-12-31,Chile,CL,All,110,,
2009-12-31,France,FR,All,846,,
2009-12-31,Germany,DE,All,458,,
2009-12-31,India,IN,All,1061,,
2009-12-31,Israel,IL,All,30,,
2009-12-31,Italy,IT,All,550,,
2009-12-31,Japan,JP,All,44,,
2009-12-31,Netherlands,NL,All,67,,
2009-12-31,Poland,PL,All,86,,
2009-12-31,Portugal,PT,All,45,,
2009-12-31,Singapore,SG,All,62,,
2009-12-31,South Korea,KR,All,44,,
2009-12-31,Spain,ES,All,324,,
2009-12-31,Switzerland,CH,All,42,,
2009-12-31,United Kingdom,GB,All,1166,,
2009-12-31,United States,US,All,3580,,
2010-06-30,Argentina,AR,All,134,,
2010-06-30,Australia,AU,All,200,,
2010-06-30,Belgium,BE,All,71,,
2010-06-30,Brazil,BR,All,2435,,
2010-06-30,Chile,CL,All,115,,
2010-06-30,France,FR,All,1017,,
2010-06-30,Germany,DE,All,668,,
2010-06-30,Hong Kong,HK,All,50,,
2010-06-30,India,IN,All,1430,,
2010-06-30,Israel,IL,All,30,,
2010-06-30,Italy,IT,All,651,,
2010-06-30,Japan,JP,All,56,,
2010-06-30,Portugal,PT,All,73,,
2010-06-30,Singapore,SG,All,106,,
2010-06-30,South Korea,KR,All,170,,
2010-06-30,Spain,ES,All,372,,
2010-06-30,Switzerland,CH,All,35,,
2010-06-30,Taiwan,TW,All,130,,
2010-06-30,Turkey,TR,All,51,,
2010-06-30,United Kingdom,GB,All,1343,,
2010-06-30,United States,US,All,4287,,
2010-12-31,Argentina,AR,All,127,40,
2010-12-31,Australia,AU,All,345,81,
2010-12-31,Belgium,BE,All,85,73,
2010-12-31,Brazil,BR,All,1804,76,
2010-12-31,Canada,CA,All,38,55,
2010-12-31,Chile,CL,All,121,66,
2010-12-31,France,FR,All,1021,56,
2010-12-31,Germany,DE,All,768,76,
2010-12-31,Hong Kong,HK,All,90,59,
2010-12-31,Hungary,HU,All,68,0,
2010-12-31,India,IN,All,1699,79,
2010-12-31,Israel,IL,All,54,76,
2010-12-31,Italy,IT,All,837,60,
2010-12-31,Japan,JP,All,72,90,
2010-12-31,Mexico,MX,All,34,56,
2010-12-31,Netherlands,NL,All,43,67,
2010-12-31,Poland,PL,All,272,12,
2010-12-31,Portugal,PT,All,92,43,
2010-12-31,Singapore,SG,All,118,88,
2010-12-31,South Korea,KR,All,190,45,
2010-12-31,Spain,ES,All,359,61,
2010-12-31,Taiwan,TW,All,156,65,
2010-12-31,Turkey,TR,All,45,0,
2010-12-31,United Kingdom,GB,All,1162,72,
2010-12-31,United States,US,All,4601,94,
2011-06-30,Argentina,AR,All,134,32,188
2011-06-30,Australia,AU,All,361,73,412
2011-06-30,Belgium,BE,All,90,67,111
2011-06-30,Brazil,BR,All,703,87,1822
2011-06-30,Canada,CA,All,50,48,75
2011-06-30,Chile,CL,All,118,42,143
2011-06-30,France,FR,All,1312,47,1552
2011-06-30,Germany,DE,All,1065,66,1759
2011-06-30,Hong Kong,HK,All,123,42,123
2011-06-30,Hungary,HU,All,81,0,82
2011-06-30,India,IN,All,1739,70,2439
2011-06-30,Israel,IL,All,60,60,67
2011-06-30,Italy,IT,All,934,60,1263
2011-06-30,Japan,JP,All,75,87,82
2011-06-30,Mexico,MX,All,48,42,73
2011-06-30,Netherlands,NL,All,64,48,213
2011-06-30,Poland,PL,All,266,11,319
2011-06-30,Portugal,PT,All,161,50,323
2011-06-30,Russia,RU,All,42,0,47
2011-06-30,Singapore,SG,All,106,75,126
2011-06-30,South Korea,KR,All,259,37,530
2011-06-30,Spain,ES,All,460,63,709
2011-06-30,Switzerland,CH,All,36,69,42
2011-06-30,Taiwan,TW,All,155,81,267
2011-06-30,Turkey,TR,All,73,0,74
2011-06-30,United Kingdom,GB,All,1279,63,1444
2011-06-30,United States,US,All,5950,93,11057
2011-12-31,Argentina,AR,All,141,33,201
2011-12-31,Australia,AU,All,444,65,496
2011-12-31,Belgium,BE,All,99,67,124
2011-12-31,Brazil,BR,All,1615,90,2222
2011-12-31,Canada,CA,All,41,24,49
2011-12-31,Chile,CL,All,117,43,186
2011-12-31,France,FR,All,1404,44,1779
2011-12-31,Germany,DE,All,1426,45,2027
2011-12-31,Hong Kong,HK,All,202,51,202
2011-12-31,Hungary,HU,All,73,0,79
2011-12-31,India,IN,All,2207,66,3427
2011-12-31,Israel,IL,All,51,61,79
2011-12-31,Italy,IT,All,844,51,1124
2011-12-31,Japan,JP,All,90,59,117
2011-12-31,Mexico,MX,All,67,25,115
2011-12-31,Netherlands,NL,All,37,59,49
2011-12-31,Norway,NO,All,49,69,61
2011-12-31,Poland,PL,All,241,22,297
2011-12-31,Portugal,PT,All,147,29,196
2011-12-31,Russia,RU,All,58,0,65
2011-12-31,Singapore,SG,All,102,83,186
2011-12-31,South Korea,KR,All,257,37,393
2011-12-31,Spain,ES,All,388,51,610
2011-12-31,Switzerland,CH,All,69,67,76
2011-12-31,Taiwan,TW,All,224,75,303
2011-12-31,Turkey,TR,All,88,0,92
2011-12-31,United Kingdom,GB,All,1455,64,1764
2011-12-31,United States,US,All,6321,93,12243
2012-06-30,Argentina,AR,All,137,38,178
2012-06-30,Australia,AU,All,523,64,841
2012-06-30,Belgium,BE,All,107,67,127
2012-06-30,Brazil,BR,All,1566,76,2640
2012-06-30,Canada,CA,All,50,24,50
2012-06-30,Chile,CL,All,101,45,143
2012-06-30,Czechia,CZ,All,44,32,44
2012-06-30,Denmark,DK,All,32,78,32
2012-06-30,France,FR,All,1546,42,1880
2012-06-30,Germany,DE,All,1533,39,2007
2012-06-30,Hong Kong,HK,All,192,33,192
2012-06-30,Hungary,HU,All,92,0,139
2012-06-30,India,IN,All,2319,64,3467
2012-06-30,Ireland,IE,All,34,6,34
2012-06-30,Israel,IL,All,55,60,55
2012-06-30,Italy,IT,All,841,34,1054
2012-06-30,Japan,JP,All,104,86,133
2012-06-30,Mexico,MX,All,71,45,136
2012-06-30,Netherlands,NL,All,59,76,59
2012-06-30,Norway,NO,All,37,70,37
2012-06-30,Poland,PL,All,351,21,458
2012-06-30,Portugal,PT,All,184,14,247
2012-06-30,Russia,RU,All,58,0,58
2012-06-30,Singapore,SG,All,89,70,97
2012-06-30,South Korea,KR,All,423,35,917
2012-06-30,Spain,ES,All,531,52,1037
2012-06-30,Switzerland,CH,All,82,68,113
2012-06-30,Taiwan,TW,All,271,63,307
2012-06-30,Turkey,TR,All,112,0,120
2012-06-30,United Kingdom,GB,All,1425,64,1732
2012-06-30,United States,US,All,7969,90,16281
2012-12-31,Argentina,AR,All,114,38,175
2012-12-31,Australia,AU,All,584,65,711
2012-12-31,Belgium,BE,All,120,63,153
2012-12-31,Brazil,BR,All,1211,66,2526
2012-12-31,Canada,CA,All,38,24,77
2012-12-31,Chile,CL,All,109,58,168
2012-12-31,Czechia,CZ,All,51,31,84
2012-12-31,Denmark,DK,All,34,59,41
2012-12-31,France,FR,All,1693,44,2063
2012-12-31,Germany,DE,All,1550,42,1944
2012-12-31,Hong Kong,HK,All,255,31,251
2012-12-31,Hungary,HU,All,95,0,151
2012-12-31,India,IN,All,2431,66,4106
2012-12-31,Israel,IL,All,56,59,66
2012-12-31,Italy,IT,All,846,34,1051
2012-12-31,Japan,JP,All,124,62,149
2012-12-31,Mexico,MX,All,90,24,150
2012-12-31,Poland,PL,All,409,17,500
2012-12-31,Portugal,PT,All,200,30,278
2012-12-31,Russia,RU,All,97,1,123
2012-12-31,Singapore,SG,All,96,75,153
2012-12-31,South Korea,KR,All,355,30,771
2012-12-31,Spain,ES,All,447,49,665
2012-12-31,Switzerland,CH,All,49,67,59
2012-12-31,Taiwan,TW,All,290,74,366
2012-12-31,Turkey,TR,All,149,0,144
2012-12-31,United Kingdom,GB,All,1458,70,1918
2012-12-31,United States,US,Other Legal Requests,758,90,1249
2012-12-31,United States,US,Search Warrants,1896,88,3152
2012-12-31,United States,US,Subpoenas,5784,88,10390
2013-06-30,Argentina,AR,All,114,48,132
2013-06-30,Australia,AU,All,645,64,807
2013-06-30,Belgium,BE,All,194,66,289
2013-06-30,Brazil,BR,All,1239,65,1515
2013-06-30,Canada,CA,All,49,27,80
2013-06-30,Chile,CL,All,106,51,166
2013-06-30,Czechia,CZ,All,63,41,67
2013-06-30,Denmark,DK,All,37,65,56
2013-06-30,France,FR,All,2011,49,2481
2013-06-30,Germany,DE,All,2311,48,3079
2013-06-30,Hong Kong,HK,All,253,34,259
2013-06-30,Hungary,HU,All,86,0,104
2013-06-30,India,IN,All,2691,64,4161
2013-06-30,Israel,IL,All,64,59,105
2013-06-30,Italy,IT,All,901,38,1222
2013-06-30,Japan,JP,All,194,58,266
2013-06-30,Mexico,MX,All,83,39,98
2013-06-30,Netherlands,NL,All,45,64,46
2013-06-30,Poland,PL,All,496,23,597
2013-06-30,Portugal,PT,All,261,30,322
2013-06-30,Russia,RU,All,103,0,130
2013-06-30,Singapore,SG,All,111,59,141
2013-06-30,South Korea,KR,All,357,31,1139
2013-06-30,Spain,ES,All,647,55,954
2013-06-30,Sweden,SE,All,36,33,71
2013-06-30,Switzerland,CH,All,80,73,105
2013-06-30,Taiwan,TW,All,306,66,444
2013-06-30,Turkey,TR,All,204,0,163
2013-06-30,United Kingdom,GB,All,1274,67,1818
2013-06-30,United States,US,Emergency Disclosure Requests,119,81,175
2013-06-30,United States,US,Other Court Orders,671,69,1118
2013-06-30,United States,US,Pen Register Orders,207,89,332
2013-06-30,United States,US,Search Warrants,2456,81,4281
2013-06-30,United States,US,Subpoenas,7458,84,15770
2013-06-30,United States,US,Wiretap Orders,7,100,7
2013-12-31,Argentina,AR,All,123,51,264
2013-12-31,Australia,AU,All,780,70,944
2013-12-31,Austria,AT,All,23,26,114
2013-12-31,Belgium,BE,All,162,73,206
2013-12-31,Brazil,BR,All,1085,49,1471
2013-12-31,Bulgaria,BG,All,1,0,3
2013-12-31,Canada,CA,All,52,25,75
2013-12-31,Chile,CL,All,141,45,199
2013-12-31,China,CN,All,1,0,5
2013-12-31,Colombia,CO,All,14,0,17
2013-12-31,Costa Rica,CR,All,1,0,1
2013-12-31,Croatia,HR,All,3,0,6
2013-12-31,Czechia,CZ,All,74,39,88
2013-12-31,Côte d’Ivoire,CI,All,2,0,2
2013-12-31,Denmark,DK,All,58,62,65
2013-12-31,Ecuador,EC,All,3,0,4
2013-12-31,Estonia,EE,All,2,50,4
2013-12-31,Finland,FI,All,13,92,48
2013-12-31,France,FR,All,2750,51,3378
2013-12-31,Georgia,GE,All,2,0,4
2013-12-31,Germany,DE,All,2660,40,3255
2013-12-31,Greece,GR,All,13,15,29
2013-12-31,Hong Kong,HK,All,347,37,356
2013-12-31,Hungary,HU,All,42,0,42
2013-12-31,India,IN,All,2513,66,4401
2013-12-31,Ireland,IE,All,15,27,51
2013-12-31,Israel,IL,All,43,65,68
2013-12-31,Italy,IT,All,896,42,1084
2013-12-31,Japan,JP,All,111,60,134
2013-12-31,Kenya,KE,All,8,63,11
2013-12-31,Lebanon,LB,All,3,0,4
2013-12-31,Liechtenstein,LI,All,1,0,1
2013-12-31,Lithuania,LT,All,11,64,18
2013-12-31,Macau,MO,All,3,0,5
2013-12-31,Malaysia,MY,All,2,0,2
2013-12-31,Malta,MT,All,54,83,60
2013-12-31,Mauritius,MU,All,1,0,1
2013-12-31,Mexico,MX,All,81,64,120
2013-12-31,Netherlands,NL,All,53,75,63
2013-12-31,New Zealand,NZ,All,14,57,17
2013-12-31,Nigeria,NG,All,2,0,2
2013-12-31,Norway,NO,All,37,73,51
2013-12-31,Pakistan,PK,All,3,0,3
2013-12-31,Peru,PE,All,2,0,4
2013-12-31,Poland,PL,All,502,23,740
2013-12-31,Portugal,PT,All,283,45,347
2013-12-31,Romania,RO,All,16,56,33
2013-12-31,Russia,RU,All,90,3,202
2013-12-31,Singapore,SG,All,755,68,847
2013-12-31,Slovakia,SK,All,34,15,37
2013-12-31,Slovenia,SI,All,1,0,1
2013-12-31,South Africa,ZA,All,2,0,2
2013-12-31,South Korea,KR,All,353,31,619
2013-12-31,Spain,ES,All,545,53,761
2013-12-31,Sweden,SE,All,18,28,19
2013-12-31,Switzerland,CH,All,111,67,174
2013-12-31,Taiwan,TW,All,439,61,580
2013-12-31,Thailand,TH,All,14,0,19
2013-12-31,Trinidad & Tobago,TT,All,1,0,5
2013-12-31,Turkey,TR,All,133,1,182
2013-12-31,Ukraine,UA,All,1,0,1
2013-12-31,United Arab Emirates,AE,All,2,0,2
2013-12-31,United Kingdom,GB,All,1397,69,3142
2013-12-31,United States,US,Emergency Disclosure Requests,153,78,217
2013-12-31,United States,US,Other Court Orders,689,75,1588
2013-12-31,United States,US,Pen Register Orders,140,90,259
2013-12-31,United States,US,Search Warrants,2537,81,4180
2013-12-31,United States,US,Subpoenas,7044,84,11999
2013-12-31,United States,US,Wiretap Orders,11,100,11
2013-12-31,Vatican City,VA,All,1,0,1
2014-06-30,Albania,AL,All,1,0,2
2014-06-30,Argentina,AR,All,139,55,177
2014-06-30,Australia,AU,All,752,66,844
2014-06-30,Austria,AT,All,47,34,58
2014-06-30,Belgium,BE,All,213,73,513
2014-06-30,Brazil,BR,All,684,55,1014
2014-06-30,Bulgaria,BG,All,1,0,2
2014-06-30,Canada,CA,All,27,33,33
2014-06-30,Chile,CL,All,137,39,183
2014-06-30,China,CN,All,2,50,4
2014-06-30,Colombia,CO,All,14,7,21
2014-06-30,Costa Rica,CR,All,0,0,0
2014-06-30,Croatia,HR,All,1,0,1
2014-06-30,Czechia,CZ,All,99,57,154
2014-06-30,Denmark,DK,All,52,50,68
2014-06-30,Dominican Republic,DO,All,2,0,2
2014-06-30,Ecuador,EC,All,1,0,1
2014-06-30,Egypt,EG,All,1,0,1
2014-06-30,Estonia,EE,All,3,67,3
2014-06-30,Finland,FI,All,17,94,31
2014-06-30,France,FR,All,3002,59,3826
2014-06-30,Germany,DE,All,3338,48,4272
2014-06-30,Greece,GR,All,16,38,41
2014-06-30,Guernsey,GG,All,2,50,6
2014-06-30,Hong Kong,HK,All,359,48,371
2014-06-30,Hungary,HU,All,17,0,23
2014-06-30,Iceland,IS,All,0,0,0
2014-06-30,India,IN,All,2794,61,5002
2014-06-30,Indonesia,ID,All,1,0,1
2014-06-30,Ireland,IE,All,10,30,10
2014-06-30,Israel,IL,All,88,66,112
2014-06-30,Italy,IT,All,1108,43,1401
2014-06-30,Japan,JP,All,121,77,164
2014-06-30,Kenya,KE,All,2,0,2
2014-06-30,Kosovo,XK,All,1,0,2
2014-06-30,Liechtenstein,LI,All,2,0,2
2014-06-30,Lithuania,LT,All,6,83,7
2014-06-30,Luxembourg,LU,All,1,0,2
2014-06-30,Macau,MO,All,5,0,7
2014-06-30,Malaysia,MY,All,15,0,20
2014-06-30,Maldives,MV,All,2,0,5
2014-06-30,Malta,MT,All,42,67,53
2014-06-30,Mexico,MX,All,111,71,144
2014-06-30,Namibia,NA,All,1,0,1
2014-06-30,Nepal,NP,All,1,0,2
2014-06-30,Netherlands,NL,All,72,82,95
2014-06-30,New Zealand,NZ,All,24,79,45
2014-06-30,Nigeria,NG,All,3,0,5
2014-06-30,Norway,NO,All,45,56,68
2014-06-30,Pakistan,PK,All,7,0,11
2014-06-30,Paraguay,PY,All,0,0,0
2014-06-30,Peru,PE,All,5,0,6
2014-06-30,Poland,PL,All,591,28,767
2014-06-30,Portugal,PT,All,338,53,398
2014-06-30,Romania,RO,All,20,60,56
2014-06-30,Russia,RU,All,93,10,114
2014-06-30,Singapore,SG,All,1086,61,1125
2014-06-30,Slovakia,SK,All,29,7,50
2014-06-30,Slovenia,SI,All,4,50,4
2014-06-30,South Africa,ZA,All,7,0,7
2014-06-30,South Korea,KR,All,416,29,919
2014-06-30,Spain,ES,All,696,46,921
2014-06-30,Sweden,SE,All,42,31,94
2014-06-30,Switzerland,CH,All,124,68,159
2014-06-30,Taiwan,TW,All,548,3,678
2014-06-30,Thailand,TH,All,10,0,15
2014-06-30,Turkey,TR,All,224,0,905
2014-06-30,Ukraine,UA,All,2,50,18
2014-06-30,United Kingdom,GB,All,1535,72,1991
2014-06-30,United States,US,Emergency Disclosure Requests,171,65,241
2014-06-30,United States,US,Other Court Orders,798,78,1333
2014-06-30,United States,US,Pen Register Orders,165,91,227
2014-06-30,United States,US,Search Warrants,3187,84,5849
2014-06-30,United States,US,Subpoenas,8211,84,13917
2014-06-30,United States,US,Wiretap Orders,7,100,9
2014-12-31,Albania,AL,Other Legal Requests,1,0,1
2014-12-31,Argentina,AR,Emergency Disclosure Requests,1,100,2
2014-12-31,Argentina,AR,Other Legal Requests,186,54,223
2014-12-31,Argentina,AR,Preservation Requests,3,,8
2014-12-31,Armenia,AM,Other Legal Requests,1,0,1
2014-12-31,Australia,AU,Emergency Disclosure Requests,1,100,1
2014-12-31,Australia,AU,Other Legal Requests,958,66,1068
2014-12-31,Australia,AU,Preservation Requests,94,,133
2014-12-31,Austria,AT,Other Legal Requests,24,13,31
2014-12-31,Belgium,BE,Emergency Disclosure Requests,6,67,8
2014-12-31,Belgium,BE,Other Legal Requests,208,67,289
2014-12-31,Belgium,BE,Preservation Requests,7,,13
2014-12-31,Bosnia & Herzegovina,BA,Other Legal Requests,1,0,1
2014-12-31,Brazil,BR,Other Legal Requests,784,52,1247
2014-12-31,Brazil,BR,Preservation Requests,24,,47
2014-12-31,Canada,CA,Emergency Disclosure Requests,18,78,19
2014-12-31,Canada,CA,Other Legal Requests,26,23,27
2014-12-31,Canada,CA,Preservation Requests,26,,50
2014-12-31,Chile,CL,Other Legal Requests,175,47,359
2014-12-31,China,CN,Other Legal Requests,1,0,35
2014-12-31,Colombia,CO,Emergency Disclosure Requests,6,33,7
2014-12-31,Colombia,CO,Other Legal Requests,13,0,17
2014-12-31,Colombia,CO,Preservation Requests,3,,4
2014-12-31,Costa Rica,CR,Preservation Requests,2,,2
2014-12-31,Croatia,HR,Other Legal Requests,2,0,3
2014-12-31,Czechia,CZ,Other Legal Requests,117,50,163
2014-12-31,Czechia,CZ,Preservation Requests,4,,10
2014-12-31,Denmark,DK,Emergency Disclosure Requests,1,0,1
2014-12-31,Denmark,DK,Other Legal Requests,66,55,77
2014-12-31,Denmark,DK,Preservation Requests,1,,1
2014-12-31,Ecuador,EC,Other Legal Requests,1,0,1
2014-12-31,Egypt,EG,Emergency Disclosure Requests,1,0,2
2014-12-31,Estonia,EE,Other Legal Requests,5,20,6
2014-12-31,Finland,FI,Other Legal Requests,18,72,32
2014-12-31,Finland,FI,Preservation Requests,2,,3
2014-12-31,France,FR,Emergency Disclosure Requests,4,50,4
2014-12-31,France,FR,Other Legal Requests,3069,57,3748
2014-12-31,France,FR,Preservation Requests,6,,6
2014-12-31,Germany,DE,Emergency Disclosure Requests,2,50,2
2014-12-31,Germany,DE,Other Legal Requests,3112,53,3876
2014-12-31,Germany,DE,Preservation Requests,25,,30
2014-12-31,Greece,GR,Emergency Disclosure Requests,9,44,8
2014-12-31,Greece,GR,Other Legal Requests,13,31,29
2014-12-31,Hong Kong,HK,Other Legal Requests,367,43,407
2014-12-31,Hungary,HU,Other Legal Requests,21,0,27
2014-12-31,Hungary,HU,Preservation Requests,1,,1
2014-12-31,India,IN,Emergency Disclosure Requests,12,42,15
2014-12-31,India,IN,Other Legal Requests,3100,61,4669
2014-12-31,India,IN,Preservation Requests,19,,68
2014-12-31,Ireland,IE,Emergency Disclosure Requests,1,100,1
2014-12-31,Ireland,IE,Other Legal Requests,6,50,77
2014-12-31,Ireland,IE,Preservation Requests,17,,82
2014-12-31,Israel,IL,Emergency Disclosure Requests,2,0,2
2014-12-31,Israel,IL,Other Legal Requests,94,71,110
2014-12-31,Israel,IL,Preservation Requests,1,,1
2014-12-31,Italy,IT,Emergency Disclosure Requests,5,40,5
2014-12-31,Italy,IT,Other Legal Requests,909,45,1125
2014-12-31,Italy,IT,Preservation Requests,14,,29
2014-12-31,Japan,JP,Emergency Disclosure Requests,4,50,5
2014-12-31,Japan,JP,Other Legal Requests,127,82,231
2014-12-31,Japan,JP,Preservation Requests,56,,143
2014-12-31,Kazakhstan,KZ,Other Legal Requests,1,0,1
2014-12-31,Kenya,KE,Emergency Disclosure Requests,1,0,1
2014-12-31,Kenya,KE,Other Legal Requests,4,0,4
2014-12-31,Latvia,LV,Other Legal Requests,0,0,0
2014-12-31,Lithuania,LT,Other Legal Requests,6,67,7
2014-12-31,Macau,MO,Other Legal Requests,3,0,3
2014-12-31,Malaysia,MY,Other Legal Requests,11,0,15
2014-12-31,Malta,MT,Other Legal Requests,57,51,61
2014-12-31,Mexico,MX,Emergency Disclosure Requests,4,50,7
2014-12-31,Mexico,MX,Other Legal Requests,152,49,184
2014-12-31,Moldova,MD,Other Legal Requests,1,0,1
2014-12-31,Netherlands,NL,Emergency Disclosure Requests,1,0,1
2014-12-31,Netherlands,NL,Other Legal Requests,139,81,143
2014-12-31,Netherlands,NL,Preservation Requests,5,,10
2014-12-31,New Zealand,NZ,Emergency Disclosure Requests,1,100,1
2014-12-31,New Zealand,NZ,Other Legal Requests,40,70,64
2014-12-31,New Zealand,NZ,Preservation Requests,2,,4
2014-12-31,Nigeria,NG,Other Legal Requests,1,0,1
2014-12-31,Norway,NO,Other Legal Requests,48,48,75
2014-12-31,Norway,NO,Preservation Requests,4,,5
2014-12-31,Pakistan,PK,Other Legal Requests,1,0,1
2014-12-31,Peru,PE,Other Legal Requests,8,0,8
2014-12-31,Philippines,PH,Emergency Disclosure Requests,1,0,1
2014-12-31,Philippines,PH,Other Legal Requests,1,0,1
2014-12-31,Poland,PL,Emergency Disclosure Requests,10,40,13
2014-12-31,Poland,PL,Other Legal Requests,445,31,571
2014-12-31,Poland,PL,Preservation Requests,2,,3
2014-12-31,Portugal,PT,Other Legal Requests,309,54,381
2014-12-31,Portugal,PT,Preservation Requests,7,,10
2014-12-31,Romania,RO,Other Legal Requests,29,48,65
2014-12-31,Russia,RU,Other Legal Requests,134,5,220
2014-12-31,Serbia,RS,Other Legal Requests,1,0,5
2014-12-31,Singapore,SG,Other Legal Requests,1410,68,1471
2014-12-31,Slovakia,SK,Other Legal Requests,33,9,42
2014-12-31,Slovenia,SI,Other Legal Requests,1,100,1
2014-12-31,South Africa,ZA,Other Legal Requests,3,0,4
2014-12-31,South Africa,ZA,Preservation Requests,3,,3
2014-12-31,South Korea,KR,Other Legal Requests,325,38,2545
2014-12-31,Spain,ES,Emergency Disclosure Requests,1,100,3
2014-12-31,Spain,ES,Other Legal Requests,697,53,958
2014-12-31,Spain,ES,Preservation Requests,3,,4
2014-12-31,Sweden,SE,Other Legal Requests,22,41,25
2014-12-31,Sweden,SE,Preservation Requests,3,,3
2014-12-31,Switzerland,CH,Other Legal Requests,130,65,185
2014-12-31,Switzerland,CH,Preservation Requests,2,,2
2014-12-31,Taiwan,TW,Emergency Disclosure Requests,1,0,1
2014-12-31,Taiwan,TW,Other Legal Requests,216,30,306
2014-12-31,Thailand,TH,Other Legal Requests,4,0,4
2014-12-31,Tonga,TO,Other Legal Requests,1,0,1
2014-12-31,Turkey,TR,Other Legal Requests,344,0,1498
2014-12-31,Turkey,TR,Preservation Requests,1,,2
2014-12-31,Ukraine,UA,Emergency Disclosure Requests,1,0,2
2014-12-31,Ukraine,UA,Other Legal Requests,2,0,2
2014-12-31,United Kingdom,GB,Emergency Disclosure Requests,190,94,352
2014-12-31,United Kingdom,GB,Other Legal Requests,1890,73,2403
2014-12-31,United Kingdom,GB,Preservation Requests,70,,123
2014-12-31,United States,US,Emergency Disclosure Requests,171,80,272
2014-12-31,United States,US,Other Court Orders,758,75,1472
2014-12-31,United States,US,Pen Register Orders,165,95,261
2014-12-31,United States,US,Preservation Requests,4290,,17028
2014-12-31,United States,US,Search Warrants,3127,83,5827
2014-12-31,United States,US,Subpoenas,5755,76,13141
2014-12-31,United States,US,Wiretap Orders,5,80,13
2014-12-31,Vietnam,VN,Other Legal Requests,1,0,1
2015-06-30,Argentina,AR,Emergency Disclosure Requests,1,100,1
2015-06-30,Argentina,AR,Other Legal Requests,243,50,284
2015-06-30,Australia,AU,Emergency Disclosure Requests,6,67,6
2015-06-30,Australia,AU,Other Legal Requests,1074,70,1184
2015-06-30,Australia,AU,Preservation Requests,104,,163
2015-06-30,Austria,AT,Other Legal Requests,33,21,40
2015-06-30,Austria,AT,Preservation Requests,1,,2
2015-06-30,Azerbaijan,AZ,Other Legal Requests,1,0,1
2015-06-30,Belgium,BE,Emergency Disclosure Requests,2,100,2
2015-06-30,Belgium,BE,Other Legal Requests,241,71,309
2015-06-30,Belgium,BE,Preservation Requests,8,,9
2015-06-30,Bosnia & Herzegovina,BA,Other Legal Requests,2,0,2
2015-06-30,Brazil,BR,Other Legal Requests,774,57,1547
2015-06-30,Brazil,BR,Preservation Requests,10,,13
2015-06-30,Brunei,BN,Emergency Disclosure Requests,1,0,1
2015-06-30,Bulgaria,BG,Other Legal Requests,3,0,3
2015-06-30,Canada,CA,Emergency Disclosure Requests,18,83,21
2015-06-30,Canada,CA,Other Legal Requests,23,35,24
2015-06-30,Canada,CA,Preservation Requests,35,,60
2015-06-30,Chile,CL,Other Legal Requests,192,54,295
2015-06-30,Chile,CL,Preservation Requests,1,,4
2015-06-30,Colombia,CO,Emergency Disclosure Requests,17,29,28
2015-06-30,Colombia,CO,Other Legal Requests,16,0,17
2015-06-30,Colombia,CO,Preservation Requests,6,,8
2015-06-30,Costa Rica,CR,Other Legal Requests,1,0,1
2015-06-30,Costa Rica,CR,Preservation Requests,3,,3
2015-06-30,Cyprus,CY,Other Legal Requests,1,0,1
2015-06-30,Czechia,CZ,Emergency Disclosure Requests,1,0,1
2015-06-30,Czechia,CZ,Other Legal Requests,133,53,166
2015-06-30,Czechia,CZ,Preservation Requests,6,,11
2015-06-30,Denmark,DK,Other Legal Requests,55,55,79
2015-06-30,Denmark,DK,Preservation Requests,1,,14
2015-06-30,Estonia,EE,Other Legal Requests,11,91,14
2015-06-30,Finland,FI,Other Legal Requests,27,70,50
2015-06-30,Finland,FI,Preservation Requests,6,,8
2015-06-30,France,FR,Emergency Disclosure Requests,7,57,7
2015-06-30,France,FR,Other Legal Requests,3482,56,4153
2015-06-30,France,FR,Preservation Requests,6,,14
2015-06-30,Germany,DE,Emergency Disclosure Requests,9,56,10
2015-06-30,Germany,DE,Other Legal Requests,3894,58,6447
2015-06-30,Germany,DE,Preservation Requests,24,,28
2015-06-30,Greece,GR,Emergency Disclosure Requests,14,57,19
2015-06-30,Greece,GR,Other Legal Requests,25,60,40
2015-06-30,Greece,GR,Preservation Requests,4,,5
2015-06-30,Hong Kong,HK,Other Legal Requests,246,35,402
2015-06-30,Hungary,HU,Other Legal Requests,50,0,59
2015-06-30,India,IN,Emergency Disclosure Requests,6,17,9
2015-06-30,India,IN,Other Legal Requests,3081,44,4820
2015-06-30,India,IN,Preservation Requests,19,,54
2015-06-30,Indonesia,ID,Other Legal Requests,2,0,2
2015-06-30,Ireland,IE,Emergency Disclosure Requests,2,0,2
2015-06-30,Ireland,IE,Other Legal Requests,12,17,128
2015-06-30,Ireland,IE,Preservation Requests,20,,36
2015-06-30,Israel,IL,Emergency Disclosure Requests,1,0,1
2015-06-30,Israel,IL,Other Legal Requests,145,61,192
2015-06-30,Italy,IT,Emergency Disclosure Requests,2,0,2
2015-06-30,Italy,IT,Other Legal Requests,956,43,1240
2015-06-30,Italy,IT,Preservation Requests,10,,17
2015-06-30,Japan,JP,Emergency Disclosure Requests,20,70,27
2015-06-30,Japan,JP,Other Legal Requests,134,83,259
2015-06-30,Japan,JP,Preservation Requests,53,,156
2015-06-30,Kazakhstan,KZ,Other Legal Requests,1,0,1
2015-06-30,Kenya,KE,Emergency Disclosure Requests,1,0,1
2015-06-30,Kenya,KE,Other Legal Requests,2,0,6
2015-06-30,Kosovo,XK,Other Legal Requests,1,0,1
2015-06-30,Latvia,LV,Other Legal Requests,0,0,0
2015-06-30,Lithuania,LT,Other Legal Requests,32,59,46
2015-06-30,Lithuania,LT,Preservation Requests,1,,10
2015-06-30,Luxembourg,LU,Preservation Requests,4,,6
2015-06-30,Macau,MO,Other Legal Requests,2,0,2
2015-06-30,Macedonia (FYROM),MK,Other Legal Requests,4,0,6
2015-06-30,Macedonia (FYROM),MK,Preservation Requests,3,,11
2015-06-30,Malaysia,MY,Emergency Disclosure Requests,2,50,3
2015-06-30,Malaysia,MY,Other Legal Requests,3,0,3
2015-06-30,Maldives,MV,Emergency Disclosure Requests,1,100,1
2015-06-30,Maldives,MV,Other Legal Requests,3,0,3
2015-06-30,Malta,MT,Other Legal Requests,112,54,121
2015-06-30,Mexico,MX,Emergency Disclosure Requests,2,0,3
2015-06-30,Mexico,MX,Other Legal Requests,162,45,305
2015-06-30,Moldova,MD,Emergency Disclosure Requests,1,100,1
2015-06-30,Moldova,MD,Other Legal Requests,3,0,5
2015-06-30,Nepal,NP,Other Legal Requests,1,0,2
2015-06-30,Netherlands,NL,Emergency Disclosure Requests,6,67,7
2015-06-30,Netherlands,NL,Other Legal Requests,156,74,159
2015-06-30,Netherlands,NL,Preservation Requests,6,,6
2015-06-30,New Zealand,NZ,Emergency Disclosure Requests,4,25,8
2015-06-30,New Zealand,NZ,Other Legal Requests,36,69,82
2015-06-30,New Zealand,NZ,Preservation Requests,2,,4
2015-06-30,Nigeria,NG,Emergency Disclosure Requests,1,0,3
2015-06-30,Norway,NO,Other Legal Requests,35,66,41
2015-06-30,Norway,NO,Preservation Requests,2,,2
2015-06-30,Pakistan,PK,Emergency Disclosure Requests,2,50,2
2015-06-30,Pakistan,PK,Other Legal Requests,2,0,2
2015-06-30,Pakistan,PK,Preservation Requests,1,,1
2015-06-30,Poland,PL,Emergency Disclosure Requests,8,63,8
2015-06-30,Poland,PL,Other Legal Requests,621,24,831
2015-06-30,Poland,PL,Preservation Requests,1,,1
2015-06-30,Portugal,PT,Other Legal Requests,550,54,618
2015-06-30,Portugal,PT,Preservation Requests,13,,14
2015-06-30,Romania,RO,Other Legal Requests,25,56,55
2015-06-30,Russia,RU,Other Legal Requests,207,5,286
2015-06-30,Serbia,RS,Emergency Disclosure Requests,2,50,2
2015-06-30,Serbia,RS,Other Legal Requests,1,0,1
2015-06-30,Seychelles,SC,Other Legal Requests,1,0,1
2015-06-30,Singapore,SG,Emergency Disclosure Requests,3,100,4
2015-06-30,Singapore,SG,Other Legal Requests,1405,77,1515
2015-06-30,Singapore,SG,Preservation Requests,1,,1
2015-06-30,Slovakia,SK,Other Legal Requests,47,23,56
2015-06-30,Slovenia,SI,Other Legal Requests,3,67,4
2015-06-30,Slovenia,SI,Preservation Requests,1,,1
2015-06-30,South Africa,ZA,Other Legal Requests,1,0,1
2015-06-30,South Korea,KR,Emergency Disclosure Requests,7,29,11
2015-06-30,South Korea,KR,Other Legal Requests,299,36,3406
2015-06-30,Spain,ES,Other Legal Requests,715,51,941
2015-06-30,Spain,ES,Preservation Requests,3,,4
2015-06-30,Sweden,SE,Emergency Disclosure Requests,3,33,3
2015-06-30,Sweden,SE,Other Legal Requests,28,36,47
2015-06-30,Sweden,SE,Preservation Requests,4,,5
2015-06-30,Switzerland,CH,Emergency Disclosure Requests,1,0,1
2015-06-30,Switzerland,CH,Other Legal Requests,136,54,206
2015-06-30,Switzerland,CH,Preservation Requests,2,,2
2015-06-30,Taiwan,TW,Other Legal Requests,181,42,289
2015-06-30,Taiwan,TW,Preservation Requests,1,,2
2015-06-30,Thailand,TH,Other Legal Requests,8,0,9
2015-06-30,Turkey,TR,Other Legal Requests,425,0,503
2015-06-30,Turkey,TR,Preservation Requests,1,,1
2015-06-30,United Kingdom,GB,Emergency Disclosure Requests,302,92,1366
2015-06-30,United Kingdom,GB,Other Legal Requests,2844,73,4690
2015-06-30,United Kingdom,GB,Preservation Requests,67,,140
2015-06-30,United Nations,,Other Legal Requests,1,0,1
2015-06-30,United States,US,Emergency Disclosure Requests,236,69,351
2015-06-30,United States,US,Other Court Orders,929,78,2310
2015-06-30,United States,US,Pen Register Orders,212,88,279
2015-06-30,United States,US,Preservation Requests,5052,,11985
2015-06-30,United States,US,Search Warrants,3588,85,6730
2015-06-30,United States,US,Subpoenas,7032,74,21667
2015-06-30,United States,US,Wiretap Orders,5,100,6
2015-12-31,Argentina,AR,Other Legal Requests,436,59,569
2015-12-31,Australia,AU,Emergency Disclosure Requests,8,25,16
2015-12-31,Australia,AU,Other Legal Requests,1250,70,1513
2015-12-31,Australia,AU,Preservation Requests,76,,100
2015-12-31,Austria,AT,Other Legal Requests,30,37,39
2015-12-31,Bangladesh,BD,Emergency Disclosure Requests,4,100,9
2015-12-31,Bangladesh,BD,Other Legal Requests,3,0,4
2015-12-31,Belgium,BE,Emergency Disclosure Requests,6,50,16
2015-12-31,Belgium,BE,Other Legal Requests,262,73,334
2015-12-31,Belgium,BE,Preservation Requests,7,,10
2015-12-31,Bermuda,BM,Preservation Requests,1,,4
2015-12-31,Bhutan,BT,Other Legal Requests,1,0,1
2015-12-31,Bosnia & Herzegovina,BA,Emergency Disclosure Requests,1,100,1
2015-12-31,Brazil,BR,Other Legal Requests,912,57,2041
2015-12-31,Brazil,BR,Preservation Requests,26,,111
2015-12-31,Bulgaria,BG,Other Legal Requests,2,0,2
2015-12-31,Canada,CA,Emergency Disclosure Requests,29,69,35
2015-12-31,Canada,CA,Other Legal Requests,31,35,53
2015-12-31,Canada,CA,Preservation Requests,51,,163
2015-12-31,Chile,CL,Other Legal Requests,183,46,270
2015-12-31,Colombia,CO,Emergency Disclosure Requests,8,13,13
2015-12-31,Colombia,CO,Other Legal Requests,24,0,26
2015-12-31,Colombia,CO,Preservation Requests,4,,4
2015-12-31,Costa Rica,CR,Other Legal Requests,1,0,1
2015-12-31,Costa Rica,CR,Preservation Requests,6,,6
2015-12-31,Czechia,CZ,Emergency Disclosure Requests,2,100,2
2015-12-31,Czechia,CZ,Other Legal Requests,126,57,180
2015-12-31,Czechia,CZ,Preservation Requests,2,,2
2015-12-31,Denmark,DK,Emergency Disclosure Requests,1,100,1
2015-12-31,Denmark,DK,Other Legal Requests,56,30,88
2015-12-31,Denmark,DK,Preservation Requests,4,,6
2015-12-31,Dominican Republic,DO,Emergency Disclosure Requests,1,0,2
2015-12-31,Dominican Republic,DO,Other Legal Requests,1,0,1
2015-12-31,Ecuador,EC,Other Legal Requests,1,0,1
2015-12-31,Estonia,EE,Emergency Disclosure Requests,1,0,1
2015-12-31,Estonia,EE,Other Legal Requests,26,65,37
2015-12-31,Estonia,EE,Preservation Requests,1,,2
2015-12-31,Finland,FI,Emergency Disclosure Requests,1,0,1
2015-12-31,Finland,FI,Other Legal Requests,51,75,78
2015-12-31,Finland,FI,Preservation Requests,3,,4
2015-12-31,France,FR,Emergency Disclosure Requests,14,29,21
2015-12-31,France,FR,Other Legal Requests,4160,59,5105
2015-12-31,France,FR,Preservation Requests,5,,5
2015-12-31,Germany,DE,Emergency Disclosure Requests,26,62,29
2015-12-31,Germany,DE,Other Legal Requests,7465,57,11533
2015-12-31,Germany,DE,Preservation Requests,12,,13
2015-12-31,Ghana,GH,Other Legal Requests,2,0,4
2015-12-31,Greece,GR,Emergency Disclosure Requests,9,44,9
2015-12-31,Greece,GR,Other Legal Requests,21,38,24
2015-12-31,Greece,GR,Preservation Requests,1,,1
2015-12-31,Guernsey,GG,Other Legal Requests,2,50,2
2015-12-31,Hong Kong,HK,Emergency Disclosure Requests,3,67,3
2015-12-31,Hong Kong,HK,Other Legal Requests,135,42,194
2015-12-31,Hungary,HU,Other Legal Requests,53,0,67
2015-12-31,India,IN,Emergency Disclosure Requests,5,0,5
2015-12-31,India,IN,Other Legal Requests,3260,49,5260
2015-12-31,India,IN,Preservation Requests,8,,11
2015-12-31,Indonesia,ID,Other Legal Requests,4,0,4
2015-12-31,Ireland,IE,Emergency Disclosure Requests,1,0,1
2015-12-31,Ireland,IE,Other Legal Requests,14,43,12113
2015-12-31,Ireland,IE,Preservation Requests,23,,40
2015-12-31,Isle of Man,IM,Other Legal Requests,1,0,1
2015-12-31,Israel,IL,Emergency Disclosure Requests,17,12,17
2015-12-31,Israel,IL,Other Legal Requests,105,61,139
2015-12-31,Israel,IL,Preservation Requests,1,,2
2015-12-31,Italy,IT,Other Legal Requests,897,41,1124
2015-12-31,Italy,IT,Preservation Requests,6,,10
2015-12-31,Japan,JP,Emergency Disclosure Requests,13,69,13
2015-12-31,Japan,JP,Other Legal Requests,150,87,266
2015-12-31,Japan,JP,Preservation Requests,42,,56
2015-12-31,Jordan,JO,Preservation Requests,1,,1
2015-12-31,Kazakhstan,KZ,Other Legal Requests,2,0,2
2015-12-31,Kenya,KE,Emergency Disclosure Requests,1,0,3
2015-12-31,Kosovo,XK,Other Legal Requests,2,0,2
2015-12-31,Latvia,LV,Other Legal Requests,0,0,0
2015-12-31,Lithuania,LT,Emergency Disclosure Requests,3,67,3
2015-12-31,Lithuania,LT,Other Legal Requests,43,60,272
2015-12-31,Lithuania,LT,Preservation Requests,3,,15
2015-12-31,Luxembourg,LU,Emergency Disclosure Requests,1,100,1
2015-12-31,Luxembourg,LU,Preservation Requests,2,,2
2015-12-31,Macau,MO,Other Legal Requests,1,0,1
2015-12-31,Malaysia,MY,Emergency Disclosure Requests,1,0,1
2015-12-31,Malaysia,MY,Other Legal Requests,4,0,6
2015-12-31,Maldives,MV,Emergency Disclosure Requests,2,100,3
2015-12-31,Maldives,MV,Other Legal Requests,2,0,2
2015-12-31,Malta,MT,Other Legal Requests,80,71,85
2015-12-31,Mexico,MX,Emergency Disclosure Requests,3,33,3
2015-12-31,Mexico,MX,Other Legal Requests,156,54,209
2015-12-31,Moldova,MD,Emergency Disclosure Requests,1,100,1
2015-12-31,Monaco,MC,Other Legal Requests,3,0,4
2015-12-31,Nepal,NP,Other Legal Requests,2,0,2
2015-12-31,Netherlands,NL,Emergency Disclosure Requests,2,0,5
2015-12-31,Netherlands,NL,Other Legal Requests,208,69,211
2015-12-31,Netherlands,NL,Preservation Requests,18,,19
2015-12-31,New Zealand,NZ,Other Legal Requests,23,61,77
2015-12-31,New Zealand,NZ,Preservation Requests,5,,10
2015-12-31,Norway,NO,Other Legal Requests,70,61,116
2015-12-31,Norway,NO,Preservation Requests,1,,2
2015-12-31,Pakistan,PK,Other Legal Requests,1,0,1
2015-12-31,Peru,PE,Other Legal Requests,2,0,2
2015-12-31,Poland,PL,Emergency Disclosure Requests,8,75,8
2015-12-31,Poland,PL,Other Legal Requests,480,34,570
2015-12-31,Portugal,PT,Other Legal Requests,587,58,698
2015-12-31,Portugal,PT,Preservation Requests,12,,14
2015-12-31,Romania,RO,Other Legal Requests,14,57,21
2015-12-31,Russia,RU,Other Legal Requests,257,7,433
2015-12-31,Serbia,RS,Emergency Disclosure Requests,1,0,1
2015-12-31,Serbia,RS,Other Legal Requests,1,0,1
2015-12-31,Singapore,SG,Emergency Disclosure Requests,4,75,4
2015-12-31,Singapore,SG,Other Legal Requests,1377,66,1522
2015-12-31,Slovakia,SK,Other Legal Requests,30,17,39
2015-12-31,Slovenia,SI,Other Legal Requests,8,100,11
2015-12-31,Slovenia,SI,Preservation Requests,1,,1
2015-12-31,South Korea,KR,Emergency Disclosure Requests,2,100,2
2015-12-31,South Korea,KR,Other Legal Requests,254,39,1524
2015-12-31,Spain,ES,Emergency Disclosure Requests,2,50,2
2015-12-31,Spain,ES,Other Legal Requests,597,52,846
2015-12-31,Spain,ES,Preservation Requests,1,,1
2015-12-31,Sri Lanka,LK,Other Legal Requests,1,0,1
2015-12-31,Sweden,SE,Emergency Disclosure Requests,1,100,1
2015-12-31,Sweden,SE,Other Legal Requests,42,57,75
2015-12-31,Sweden,SE,Preservation Requests,2,,3
2015-12-31,Switzerland,CH,Other Legal Requests,69,13,99
2015-12-31,Switzerland,CH,Preservation Requests,7,,14
2015-12-31,Taiwan,TW,Emergency Disclosure Requests,3,67,3
2015-12-31,Taiwan,TW,Other Legal Requests,138,49,181
2015-12-31,Thailand,TH,Emergency Disclosure Requests,1,0,1
2015-12-31,Thailand,TH,Other Legal Requests,10,0,11
2015-12-31,Turkey,TR,Other Legal Requests,333,0,398
2015-12-31,Ukraine,UA,Other Legal Requests,3,0,9
2015-12-31,United Arab Emirates,AE,Emergency Disclosure Requests,2,50,3
2015-12-31,United Kingdom,GB,Emergency Disclosure Requests,224,95,1139
2015-12-31,United Kingdom,GB,Other Legal Requests,3273,70,4266
2015-12-31,United Kingdom,GB,Preservation Requests,67,,128
2015-12-31,United States,US,Emergency Disclosure Requests,250,74,359
2015-12-31,United States,US,Other Court Orders,1056,72,3387
2015-12-31,United States,US,Pen Register Orders,241,92,439
2015-12-31,United States,US,Preservation Requests,5139,,12065
2015-12-31,United States,US,Search Warrants,3716,85,9412
2015-12-31,United States,US,Subpoenas,7250,76,13549
2015-12-31,United States,US,Wiretap Orders,10,100,11
2015-12-31,Uruguay,UY,Other Legal Requests,1,0,1
2015-12-31,Vatican City,VA,Other Legal Requests,2,0,2
2015-12-31,Vietnam,VN,Other Legal Requests,1,0,1
2016-06-30,Albania,AL,Other Legal Requests,1,0,1
2016-06-30,Algeria,DZ,Other Legal Requests,1,0,1
2016-06-30,Argentina,AR,Other Legal Requests,401,56,513
2016-06-30,Argentina,AR,Preservation Requests,2,,10
2016-06-30,Australia,AU,Emergency Disclosure Requests,7,57,8
2016-06-30,Australia,AU,Other Legal Requests,1233,68,1333
2016-06-30,Australia,AU,Preservation Requests,78,,91
2016-06-30,Austria,AT,Emergency Disclosure Requests,1,100,1
2016-06-30,Austria,AT,Other Legal Requests,40,43,54
2016-06-30,Bangladesh,BD,Emergency Disclosure Requests,2,50,3
2016-06-30,Belarus,BY,Other Legal Requests,1,0,5
2016-06-30,Belgium,BE,Emergency Disclosure Requests,8,38,8
2016-06-30,Belgium,BE,Other Legal Requests,240,73,318
2016-06-30,Belgium,BE,Preservation Requests,13,,17
2016-06-30,Brazil,BR,Emergency Disclosure Requests,1,100,1
2016-06-30,Brazil,BR,Other Legal Requests,873,59,2438
2016-06-30,Brazil,BR,Preservation Requests,24,,74
2016-06-30,Bulgaria,BG,Other Legal Requests,5,0,6
2016-06-30,Canada,CA,Emergency Disclosure Requests,52,73,85
2016-06-30,Canada,CA,Other Legal Requests,22,23,36
2016-06-30,Canada,CA,Preservation Requests,61,,132
2016-06-30,Cayman Islands,KY,Other Legal Requests,1,0,2
2016-06-30,Chile,CL,Other Legal Requests,257,42,393
2016-06-30,Colombia,CO,Emergency Disclosure Requests,11,18,25
2016-06-30,Colombia,CO,Other Legal Requests,27,0,50
2016-06-30,Colombia,CO,Preservation Requests,4,,4
2016-06-30,Costa Rica,CR,Preservation Requests,14,,18
2016-06-30,Czechia,CZ,Emergency Disclosure Requests,4,100,5
2016-06-30,Czechia,CZ,Other Legal Requests,165,58,253
2016-06-30,Czechia,CZ,Preservation Requests,9,,11
2016-06-30,Denmark,DK,Emergency Disclosure Requests,1,100,1
2016-06-30,Denmark,DK,Other Legal Requests,57,11,95
2016-06-30,Denmark,DK,Preservation Requests,3,,6
2016-06-30,Dominican Republic,DO,Other Legal Requests,1,0,1
2016-06-30,Ecuador,EC,Other Legal Requests,4,0,12
2016-06-30,El Salvador,SV,Other Legal Requests,2,0,2
2016-06-30,Estonia,EE,Other Legal Requests,29,59,35
2016-06-30,Estonia,EE,Preservation Requests,1,,2
2016-06-30,Fiji,FJ,Other Legal Requests,1,0,1
2016-06-30,Finland,FI,Emergency Disclosure Requests,4,0,4
2016-06-30,Finland,FI,Other Legal Requests,38,74,62
2016-06-30,Finland,FI,Preservation Requests,3,,7
2016-06-30,France,FR,Emergency Disclosure Requests,14,36,21
2016-06-30,France,FR,Other Legal Requests,4286,60,5164
2016-06-30,France,FR,Preservation Requests,3,,3
2016-06-30,Georgia,GE,Other Legal Requests,4,0,8
2016-06-30,Germany,DE,Emergency Disclosure Requests,21,52,23
2016-06-30,Germany,DE,Other Legal Requests,8767,59,13402
2016-06-30,Germany,DE,Preservation Requests,13,,15
2016-06-30,Greece,GR,Emergency Disclosure Requests,14,64,14
2016-06-30,Greece,GR,Other Legal Requests,33,36,44
2016-06-30,Greece,GR,Preservation Requests,10,,14
2016-06-30,Hong Kong,HK,Emergency Disclosure Requests,1,0,1
2016-06-30,Hong Kong,HK,Other Legal Requests,162,54,216
2016-06-30,Hungary,HU,Other Legal Requests,166,0,218
2016-06-30,Hungary,HU,Preservation Requests,1,,1
2016-06-30,India,IN,Emergency Disclosure Requests,14,36,24
2016-06-30,India,IN,Other Legal Requests,3438,55,6183
2016-06-30,India,IN,Preservation Requests,12,,64
2016-06-30,Indonesia,ID,Emergency Disclosure Requests,1,0,2
2016-06-30,Indonesia,ID,Other Legal Requests,4,0,5
2016-06-30,Ireland,IE,Other Legal Requests,19,16,62
2016-06-30,Ireland,IE,Preservation Requests,31,,50
2016-06-30,Israel,IL,Emergency Disclosure Requests,42,52,42
2016-06-30,Israel,IL,Other Legal Requests,131,53,177
2016-06-30,Italy,IT,Emergency Disclosure Requests,3,33,3
2016-06-30,Italy,IT,Other Legal Requests,1089,38,1466
2016-06-30,Italy,IT,Preservation Requests,17,,31
2016-06-30,Japan,JP,Emergency Disclosure Requests,14,29,17
2016-06-30,Japan,JP,Other Legal Requests,196,69,577
2016-06-30,Japan,JP,Preservation Requests,77,,191
2016-06-30,Kazakhstan,KZ,Other Legal Requests,1,0,1
2016-06-30,Kenya,KE,Other Legal Requests,1,0,3
2016-06-30,Latvia,LV,Other Legal Requests,2,50,2
2016-06-30,Lithuania,LT,Emergency Disclosure Requests,3,67,4
2016-06-30,Lithuania,LT,Other Legal Requests,29,34,52
2016-06-30,Lithuania,LT,Preservation Requests,4,,29
2016-06-30,Luxembourg,LU,Preservation Requests,2,,2
2016-06-30,Macau,MO,Other Legal Requests,2,0,3
2016-06-30,Macedonia (FYROM),MK,Other Legal Requests,7,0,13
2016-06-30,Malaysia,MY,Other Legal Requests,2,0,9
2016-06-30,Maldives,MV,Other Legal Requests,1,0,1
2016-06-30,Malta,MT,Other Legal Requests,75,60,82
2016-06-30,Mauritius,MU,Other Legal Requests,1,0,1
2016-06-30,Mexico,MX,Other Legal Requests,173,60,245
2016-06-30,Moldova,MD,Other Legal Requests,3,0,3
2016-06-30,Monaco,MC,Other Legal Requests,1,0,1
2016-06-30,Nepal,NP,Other Legal Requests,2,0,2
2016-06-30,Netherlands,NL,Emergency Disclosure Requests,6,67,7
2016-06-30,Netherlands,NL,Other Legal Requests,262,67,273
2016-06-30,Netherlands,NL,Preservation Requests,21,,23
2016-06-30,New Zealand,NZ,Emergency Disclosure Requests,1,100,1
2016-06-30,New Zealand,NZ,Other Legal Requests,34,59,58
2016-06-30,New Zealand,NZ,Preservation Requests,5,,15
2016-06-30,Norway,NO,Other Legal Requests,116,68,202
2016-06-30,Norway,NO,Preservation Requests,8,,11
2016-06-30,Pakistan,PK,Emergency Disclosure Requests,1,100,1
2016-06-30,Pakistan,PK,Other Legal Requests,7,0,9
2016-06-30,Peru,PE,Other Legal Requests,1,0,1
2016-06-30,Philippines,PH,Other Legal Requests,1,0,1
2016-06-30,Philippines,PH,Preservation Requests,2,,2
2016-06-30,Poland,PL,Emergency Disclosure Requests,16,50,36
2016-06-30,Poland,PL,Other Legal Requests,481,33,855
2016-06-30,Poland,PL,Preservation Requests,1,,1
2016-06-30,Portugal,PT,Other Legal Requests,731,63,860
2016-06-30,Portugal,PT,Preservation Requests,14,,19
2016-06-30,Romania,RO,Other Legal Requests,17,47,27
2016-06-30,Russia,RU,Other Legal Requests,237,7,328
2016-06-30,Saudi Arabia,SA,Emergency Disclosure Requests,8,0,20
2016-06-30,Serbia,RS,Emergency Disclosure Requests,2,0,2
2016-06-30,Serbia,RS,Other Legal Requests,1,0,1
2016-06-30,Serbia,RS,Preservation Requests,1,,1
2016-06-30,Singapore,SG,Emergency Disclosure Requests,3,100,5
2016-06-30,Singapore,SG,Other Legal Requests,1460,66,1617
2016-06-30,Slovakia,SK,Other Legal Requests,38,11,40
2016-06-30,Slovenia,SI,Other Legal Requests,20,50,90
2016-06-30,Slovenia,SI,Preservation Requests,3,,49
2016-06-30,South Africa,ZA,Emergency Disclosure Requests,2,50,2
2016-06-30,South Africa,ZA,Other Legal Requests,1,0,1
2016-06-30,South Korea,KR,Emergency Disclosure Requests,2,0,9
2016-06-30,South Korea,KR,Other Legal Requests,350,40,987
2016-06-30,South Korea,KR,Preservation Requests,2,,5
2016-06-30,Spain,ES,Emergency Disclosure Requests,1,100,1
2016-06-30,Spain,ES,Other Legal Requests,775,47,1045
2016-06-30,Spain,ES,Preservation Requests,12,,19
2016-06-30,Sweden,SE,Emergency Disclosure Requests,1,100,1
2016-06-30,Sweden,SE,Other Legal Requests,81,57,108
2016-06-30,Sweden,SE,Preservation Requests,4,,14
2016-06-30,Switzerland,CH,Emergency Disclosure Requests,5,100,5
2016-06-30,Switzerland,CH,Other Legal Requests,68,34,102
2016-06-30,Switzerland,CH,Preservation Requests,5,,24
2016-06-30,Taiwan,TW,Other Legal Requests,127,54,220
2016-06-30,Thailand,TH,Other Legal Requests,5,0,5
2016-06-30,Turkey,TR,Emergency Disclosure Requests,2,100,3
2016-06-30,Turkey,TR,Other Legal Requests,388,0,592
2016-06-30,Turkey,TR,Preservation Requests,2,,2
2016-06-30,Ukraine,UA,Emergency Disclosure Requests,1,0,1
2016-06-30,Ukraine,UA,Other Legal Requests,5,20,8
2016-06-30,United Arab Emirates,AE,Emergency Disclosure Requests,3,67,3
2016-06-30,United Arab Emirates,AE,Other Legal Requests,1,0,1
2016-06-30,United Kingdom,GB,Emergency Disclosure Requests,258,83,1523
2016-06-30,United Kingdom,GB,Other Legal Requests,3044,69,3696
2016-06-30,United Kingdom,GB,Preservation Requests,71,,106
2016-06-30,United States,US,Emergency Disclosure Requests,259,76,418
2016-06-30,United States,US,Other Court Orders,1208,73,4416
2016-06-30,United States,US,Pen Register Orders,266,93,412
2016-06-30,United States,US,Preservation Requests,5819,,13473
2016-06-30,United States,US,Search Warrants,4246,85,8090
2016-06-30,United States,US,Subpoenas,8182,76,16780
2016-06-30,United States,US,Wiretap Orders,7,100,7
2016-12-31,Argentina,AR,Other Legal Requests,415,60,592
2016-12-31,Argentina,AR,Preservation Requests,3,,4
2016-12-31,Australia,AU,Emergency Disclosure Requests,8,63,10
2016-12-31,Australia,AU,Other Legal Requests,1399,67,1480
2016-12-31,Australia,AU,Preservation Requests,74,,113
2016-12-31,Austria,AT,Other Legal Requests,44,43,64
2016-12-31,Bangladesh,BD,Emergency Disclosure Requests,1,100,1
2016-12-31,Bangladesh,BD,Other Legal Requests,2,0,2
2016-12-31,Belgium,BE,Emergency Disclosure Requests,4,50,4
2016-12-31,Belgium,BE,Other Legal Requests,255,71,300
2016-12-31,Belgium,BE,Preservation Requests,5,,5
2016-12-31,Bosnia & Herzegovina,BA,Preservation Requests,2,,4
2016-12-31,Brazil,BR,Emergency Disclosure Requests,1,100,1
2016-12-31,Brazil,BR,Other Legal Requests,1010,60,2448
2016-12-31,Brazil,BR,Preservation Requests,34,,89
2016-12-31,Bulgaria,BG,Other Legal Requests,2,0,3
2016-12-31,Bulgaria,BG,Preservation Requests,1,,1
2016-12-31,Canada,CA,Emergency Disclosure Requests,38,79,57
2016-12-31,Canada,CA,Other Legal Requests,16,38,33
2016-12-31,Canada,CA,Preservation Requests,60,,88
2016-12-31,Cayman Islands,KY,Preservation Requests,1,,1
2016-12-31,Chile,CL,Other Legal Requests,204,48,261
2016-12-31,Chile,CL,Preservation Requests,2,,2
2016-12-31,Colombia,CO,Emergency Disclosure Requests,8,38,10
2016-12-31,Colombia,CO,Other Legal Requests,22,0,37
2016-12-31,Colombia,CO,Preservation Requests,3,,5
2016-12-31,Costa Rica,CR,Preservation Requests,11,,13
2016-12-31,Croatia,HR,Other Legal Requests,1,0,2
2016-12-31,Cyprus,CY,Other Legal Requests,1,0,2
2016-12-31,Czechia,CZ,Emergency Disclosure Requests,1,100,1
2016-12-31,Czechia,CZ,Other Legal Requests,167,62,237
2016-12-31,Czechia,CZ,Preservation Requests,6,,6
2016-12-31,Denmark,DK,Emergency Disclosure Requests,1,100,2
2016-12-31,Denmark,DK,Other Legal Requests,50,20,71
2016-12-31,Denmark,DK,Preservation Requests,2,,2
2016-12-31,El Salvador,SV,Other Legal Requests,1,0,1
2016-12-31,Estonia,EE,Emergency Disclosure Requests,1,0,1
2016-12-31,Estonia,EE,Other Legal Requests,31,68,57
2016-12-31,Estonia,EE,Preservation Requests,1,,4
2016-12-31,Finland,FI,Other Legal Requests,40,75,48
2016-12-31,France,FR,Emergency Disclosure Requests,18,56,29
2016-12-31,France,FR,Other Legal Requests,4757,63,5709
2016-12-31,France,FR,Preservation Requests,2,,2
2016-12-31,Georgia,GE,Preservation Requests,1,,2
2016-12-31,Germany,DE,Emergency Disclosure Requests,27,56,43
2016-12-31,Germany,DE,Other Legal Requests,9898,45,13277
2016-12-31,Germany,DE,Preservation Requests,14,,37
2016-12-31,Greece,GR,Emergency Disclosure Requests,13,92,13
2016-12-31,Greece,GR,Other Legal Requests,65,38,91
2016-12-31,Greece,GR,Preservation Requests,9,,11
2016-12-31,Guatemala,GT,Emergency Disclosure Requests,2,0,2
2016-12-31,Guatemala,GT,Preservation Requests,1,,1
2016-12-31,Hong Kong,HK,Emergency Disclosure Requests,1,0,1
2016-12-31,Hong Kong,HK,Other Legal Requests,142,56,200
2016-12-31,Hong Kong,HK,Preservation Requests,1,,1
2016-12-31,Hungary,HU,Other Legal Requests,59,0,72
2016-12-31,Hungary,HU,Preservation Requests,1,,1
2016-12-31,India,IN,Emergency Disclosure Requests,9,22,12
2016-12-31,India,IN,Other Legal Requests,3440,57,6381
2016-12-31,India,IN,Preservation Requests,22,,102
2016-12-31,Indonesia,ID,Other Legal Requests,5,0,17
2016-12-31,Ireland,IE,Emergency Disclosure Requests,2,50,2
2016-12-31,Ireland,IE,Other Legal Requests,17,18,32
2016-12-31,Ireland,IE,Preservation Requests,28,,54
2016-12-31,Israel,IL,Emergency Disclosure Requests,72,65,75
2016-12-31,Israel,IL,Other Legal Requests,137,69,191
2016-12-31,Italy,IT,Emergency Disclosure Requests,1,0,1
2016-12-31,Italy,IT,Other Legal Requests,1033,37,1485
2016-12-31,Italy,IT,Preservation Requests,7,,16
2016-12-31,Japan,JP,Emergency Disclosure Requests,13,69,13
2016-12-31,Japan,JP,Other Legal Requests,170,88,322
2016-12-31,Japan,JP,Preservation Requests,25,,52
2016-12-31,Kenya,KE,Other Legal Requests,1,0,1
2016-12-31,Kosovo,XK,Emergency Disclosure Requests,4,100,4
2016-12-31,Latvia,LV,Other Legal Requests,2,0,3
2016-12-31,Latvia,LV,Preservation Requests,1,,2
2016-12-31,Lebanon,LB,Other Legal Requests,1,0,1
2016-12-31,Lithuania,LT,Other Legal Requests,35,43,70
2016-12-31,Lithuania,LT,Preservation Requests,3,,12
2016-12-31,Luxembourg,LU,Preservation Requests,5,,14
2016-12-31,Macedonia (FYROM),MK,Other Legal Requests,1,0,1
2016-12-31,Malaysia,MY,Emergency Disclosure Requests,1,100,1
2016-12-31,Malaysia,MY,Other Legal Requests,1,0,1
2016-12-31,Maldives,MV,Other Legal Requests,1,0,1
2016-12-31,Malta,MT,Other Legal Requests,64,59,93
2016-12-31,Mexico,MX,Emergency Disclosure Requests,2,0,2
2016-12-31,Mexico,MX,Other Legal Requests,177,54,228
2016-12-31,Moldova,MD,Other Legal Requests,3,0,3
2016-12-31,Netherlands,NL,Emergency Disclosure Requests,7,86,8
2016-12-31,Netherlands,NL,Other Legal Requests,224,58,243
2016-12-31,Netherlands,NL,Preservation Requests,24,,53
2016-12-31,New Zealand,NZ,Emergency Disclosure Requests,5,60,6
2016-12-31,New Zealand,NZ,Other Legal Requests,29,66,34
2016-12-31,New Zealand,NZ,Preservation Requests,1,,1
2016-12-31,Nigeria,NG,Emergency Disclosure Requests,1,100,5
2016-12-31,Norway,NO,Other Legal Requests,84,82,100
2016-12-31,Norway,NO,Preservation Requests,6,,11
2016-12-31,Pakistan,PK,Other Legal Requests,9,0,11
2016-12-31,Peru,PE,Other Legal Requests,2,0,2
2016-12-31,Philippines,PH,Emergency Disclosure Requests,1,0,1
2016-12-31,Philippines,PH,Other Legal Requests,1,0,1
2016-12-31,Poland,PL,Emergency Disclosure Requests,24,63,43
2016-12-31,Poland,PL,Other Legal Requests,475,32,791
2016-12-31,Poland,PL,Preservation Requests,3,,4
2016-12-31,Portugal,PT,Other Legal Requests,610,66,702
2016-12-31,Portugal,PT,Preservation Requests,12,,12
2016-12-31,Romania,RO,Other Legal Requests,28,46,70
2016-12-31,Russia,RU,Other Legal Requests,234,15,392
2016-12-31,Russia,RU,Preservation Requests,1,,1
2016-12-31,Senegal,SN,Emergency Disclosure Requests,1,0,1
2016-12-31,Serbia,RS,Emergency Disclosure Requests,3,33,4
2016-12-31,Serbia,RS,Other Legal Requests,3,0,4
2016-12-31,Singapore,SG,Emergency Disclosure Requests,5,60,6
2016-12-31,Singapore,SG,Other Legal Requests,1080,24,1601
2016-12-31,Slovakia,SK,Other Legal Requests,57,0,65
2016-12-31,Slovenia,SI,Other Legal Requests,17,29,60
2016-12-31,Slovenia,SI,Preservation Requests,1,,3
2016-12-31,South Korea,KR,Emergency Disclosure Requests,3,33,4
2016-12-31,South Korea,KR,Other Legal Requests,357,43,733
2016-12-31,Spain,ES,Emergency Disclosure Requests,1,100,1
2016-12-31,Spain,ES,Other Legal Requests,728,39,965
2016-12-31,Spain,ES,Preservation Requests,8,,13
2016-12-31,Sweden,SE,Emergency Disclosure Requests,1,100,1
2016-12-31,Sweden,SE,Other Legal Requests,111,68,158
2016-12-31,Sweden,SE,Preservation Requests,7,,9
2016-12-31,Switzerland,CH,Emergency Disclosure Requests,1,0,1
2016-12-31,Switzerland,CH,Other Legal Requests,99,39,135
2016-12-31,Switzerland,CH,Preservation Requests,1,,2
2016-12-31,Taiwan,TW,Other Legal Requests,151,53,203
2016-12-31,Taiwan,TW,Preservation Requests,1,,1
2016-12-31,Thailand,TH,Other Legal Requests,3,0,3
2016-12-31,Turkey,TR,Emergency Disclosure Requests,1,100,1
2016-12-31,Turkey,TR,Other Legal Requests,430,0,898
2016-12-31,Ukraine,UA,Other Legal Requests,4,50,28
2016-12-31,Ukraine,UA,Preservation Requests,1,,2
2016-12-31,United Arab Emirates,AE,Emergency Disclosure Requests,3,33,4
2016-12-31,United Kingdom,GB,Emergency Disclosure Requests,280,82,1367
2016-12-31,United Kingdom,GB,Other Legal Requests,2897,70,4047
2016-12-31,United Kingdom,GB,Preservation Requests,60,,117
2016-12-31,United States,US,Emergency Disclosure Requests,392,78,598
2016-12-31,United States,US,Other Court Orders,1154,77,3549
2016-12-31,United States,US,Pen Register Orders,252,94,417
2016-12-31,United States,US,Preservation Requests,5717,,12256
2016-12-31,United States,US,Search Warrants,4018,85,7795
2016-12-31,United States,US,Subpoenas,7855,76,14897
2016-12-31,United States,US,Wiretap Orders,11,91,16
2016-12-31,Uruguay,UY,Other Legal Requests,1,0,1
2017-06-30,Argentina,AR,Emergency Disclosure Requests,2,50,2
2017-06-30,Argentina,AR,Other Legal Requests,489,63,645
2017-06-30,Argentina,AR,Preservation Requests,12,,20
2017-06-30,Armenia,AM,Other Legal Requests,1,0,1
2017-06-30,Australia,AU,Emergency Disclosure Requests,12,50,15
2017-06-30,Australia,AU,Other Legal Requests,1330,67,1410
2017-06-30,Australia,AU,Preservation Requests,66,,153
2017-06-30,Austria,AT,Emergency Disclosure Requests,1,100,2
2017-06-30,Austria,AT,Other Legal Requests,70,56,89
2017-06-30,Bahrain,BH,Other Legal Requests,1,0,1
2017-06-30,Bangladesh,BD,Emergency Disclosure Requests,3,67,3
2017-06-30,Bangladesh,BD,Other Legal Requests,5,0,6
2017-06-30,Belarus,BY,Other Legal Requests,1,0,1
2017-06-30,Belgium,BE,Emergency Disclosure Requests,2,100,2
2017-06-30,Belgium,BE,Other Legal Requests,277,71,347
2017-06-30,Belgium,BE,Preservation Requests,12,,25
2017-06-30,Brazil,BR,Emergency Disclosure Requests,1,100,1
2017-06-30,Brazil,BR,Other Legal Requests,1045,59,3130
2017-06-30,Brazil,BR,Preservation Requests,31,,68
2017-06-30,Bulgaria,BG,Other Legal Requests,6,17,9
2017-06-30,Canada,CA,Emergency Disclosure Requests,53,83,77
2017-06-30,Canada,CA,Other Legal Requests,17,47,24
2017-06-30,Canada,CA,Preservation Requests,50,,96
2017-06-30,Chile,CL,Other Legal Requests,205,51,333
2017-06-30,Chile,CL,Preservation Requests,3,,19
2017-06-30,Colombia,CO,Emergency Disclosure Requests,13,8,17
2017-06-30,Colombia,CO,Other Legal Requests,41,0,66
2017-06-30,Colombia,CO,Preservation Requests,4,,4
2017-06-30,Costa Rica,CR,Preservation Requests,17,,31
2017-06-30,Croatia,HR,Other Legal Requests,2,0,3
2017-06-30,Czechia,CZ,Emergency Disclosure Requests,4,25,13
2017-06-30,Czechia,CZ,Other Legal Requests,205,61,319
2017-06-30,Czechia,CZ,Preservation Requests,16,,21
2017-06-30,Denmark,DK,Other Legal Requests,53,25,73
2017-06-30,Denmark,DK,Preservation Requests,7,,8
2017-06-30,Dominican Republic,DO,Other Legal Requests,1,0,1
2017-06-30,Ecuador,EC,Other Legal Requests,2,0,8
2017-06-30,El Salvador,SV,Other Legal Requests,1,0,1
2017-06-30,Estonia,EE,Other Legal Requests,41,68,100
2017-06-30,Estonia,EE,Preservation Requests,1,,1
2017-06-30,Finland,FI,Emergency Disclosure Requests,2,50,4
2017-06-30,Finland,FI,Other Legal Requests,36,69,58
2017-06-30,Finland,FI,Preservation Requests,4,,5
2017-06-30,France,FR,Emergency Disclosure Requests,12,92,15
2017-06-30,France,FR,Other Legal Requests,5649,63,6566
2017-06-30,France,FR,Preservation Requests,4,,4
2017-06-30,Germany,DE,Emergency Disclosure Requests,52,60,78
2017-06-30,Germany,DE,Other Legal Requests,7729,56,10674
2017-06-30,Germany,DE,Preservation Requests,29,,61
2017-06-30,Greece,GR,Emergency Disclosure Requests,19,84,25
2017-06-30,Greece,GR,Other Legal Requests,106,40,148
2017-06-30,Greece,GR,Preservation Requests,27,,46
2017-06-30,Hong Kong,HK,Emergency Disclosure Requests,4,25,6
2017-06-30,Hong Kong,HK,Other Legal Requests,115,44,139
2017-06-30,Hungary,HU,Other Legal Requests,81,0,126
2017-06-30,India,IN,Emergency Disclosure Requests,7,29,16
2017-06-30,India,IN,Other Legal Requests,3836,54,6327
2017-06-30,India,IN,Preservation Requests,15,,78
2017-06-30,Indonesia,ID,Other Legal Requests,7,0,14
2017-06-30,Ireland,IE,Emergency Disclosure Requests,2,100,4
2017-06-30,Ireland,IE,Other Legal Requests,53,28,80
2017-06-30,Ireland,IE,Preservation Requests,61,,95
2017-06-30,Israel,IL,Emergency Disclosure Requests,102,60,106
2017-06-30,Israel,IL,Other Legal Requests,116,67,175
2017-06-30,Israel,IL,Preservation Requests,13,,25
2017-06-30,Italy,IT,Emergency Disclosure Requests,10,50,13
2017-06-30,Italy,IT,Other Legal Requests,1189,39,1742
2017-06-30,Italy,IT,Preservation Requests,15,,26
2017-06-30,Japan,JP,Emergency Disclosure Requests,7,57,8
2017-06-30,Japan,JP,Other Legal Requests,168,82,256
2017-06-30,Japan,JP,Preservation Requests,15,,27
2017-06-30,Jordan,JO,Other Legal Requests,2,0,2
2017-06-30,Jordan,JO,Preservation Requests,1,,1
2017-06-30,Kenya,KE,Emergency Disclosure Requests,1,0,1
2017-06-30,Kenya,KE,Other Legal Requests,1,0,2
2017-06-30,Kosovo,XK,Emergency Disclosure Requests,2,100,3
2017-06-30,Kosovo,XK,Preservation Requests,1,,1
2017-06-30,Latvia,LV,Other Legal Requests,4,0,4
2017-06-30,Latvia,LV,Preservation Requests,3,,3
2017-06-30,Liechtenstein,LI,Other Legal Requests,1,0,1
2017-06-30,Lithuania,LT,Emergency Disclosure Requests,3,100,4
2017-06-30,Lithuania,LT,Other Legal Requests,49,76,78
2017-06-30,Lithuania,LT,Preservation Requests,1,,1
2017-06-30,Luxembourg,LU,Preservation Requests,7,,8
2017-06-30,Macau,MO,Other Legal Requests,1,0,1
2017-06-30,Macedonia (FYROM),MK,Other Legal Requests,2,0,2
2017-06-30,Malaysia,MY,Other Legal Requests,1,0,1
2017-06-30,Maldives,MV,Other Legal Requests,1,0,1
2017-06-30,Malta,MT,Other Legal Requests,94,23,108
2017-06-30,Mauritius,MU,Preservation Requests,1,,3
2017-06-30,Mexico,MX,Emergency Disclosure Requests,1,0,2
2017-06-30,Mexico,MX,Other Legal Requests,239,42,384
2017-06-30,Mexico,MX,Preservation Requests,1,,1
2017-06-30,Moldova,MD,Other Legal Requests,3,0,3
2017-06-30,Nepal,NP,Other Legal Requests,1,0,2
2017-06-30,Netherlands,NL,Emergency Disclosure Requests,12,83,20
2017-06-30,Netherlands,NL,Other Legal Requests,265,71,267
2017-06-30,Netherlands,NL,Preservation Requests,24,,32
2017-06-30,New Zealand,NZ,Emergency Disclosure Requests,2,50,2
2017-06-30,New Zealand,NZ,Other Legal Requests,25,60,30
2017-06-30,New Zealand,NZ,Preservation Requests,7,,11
2017-06-30,Norway,NO,Other Legal Requests,94,66,138
2017-06-30,Norway,NO,Preservation Requests,6,,12
2017-06-30,Pakistan,PK,Emergency Disclosure Requests,2,100,2
2017-06-30,Pakistan,PK,Other Legal Requests,6,0,10
2017-06-30,Panama,PA,Other Legal Requests,1,0,1
2017-06-30,Peru,PE,Other Legal Requests,8,0,13
2017-06-30,Philippines,PH,Preservation Requests,9,,16
2017-06-30,Poland,PL,Emergency Disclosure Requests,22,50,29
2017-06-30,Poland,PL,Other Legal Requests,426,39,611
2017-06-30,Poland,PL,Preservation Requests,8,,19
2017-06-30,Portugal,PT,Other Legal Requests,611,62,734
2017-06-30,Portugal,PT,Preservation Requests,10,,11
2017-06-30,Romania,RO,Other Legal Requests,30,50,119
2017-06-30,Russia,RU,Other Legal Requests,318,10,531
2017-06-30,Saudi Arabia,SA,Emergency Disclosure Requests,4,100,10
2017-06-30,Serbia,RS,Emergency Disclosure Requests,9,44,12
2017-06-30,Serbia,RS,Other Legal Requests,2,0,5
2017-06-30,Singapore,SG,Emergency Disclosure Requests,1,0,1
2017-06-30,Singapore,SG,Other Legal Requests,229,62,310
2017-06-30,Sint Maarten,SX,Emergency Disclosure Requests,1,100,1
2017-06-30,Slovakia,SK,Other Legal Requests,38,0,52
2017-06-30,Slovenia,SI,Emergency Disclosure Requests,1,0,1
2017-06-30,Slovenia,SI,Other Legal Requests,25,56,34
2017-06-30,Slovenia,SI,Preservation Requests,9,,16
2017-06-30,South Africa,ZA,Emergency Disclosure Requests,3,67,3
2017-06-30,South Korea,KR,Emergency Disclosure Requests,3,67,3
2017-06-30,South Korea,KR,Other Legal Requests,486,47,4530
2017-06-30,South Korea,KR,Preservation Requests,1,,1
2017-06-30,Spain,ES,Emergency Disclosure Requests,1,100,1
2017-06-30,Spain,ES,Other Legal Requests,1001,43,1430
2017-06-30,Spain,ES,Preservation Requests,16,,35
2017-06-30,Sweden,SE,Emergency Disclosure Requests,1,100,1
2017-06-30,Sweden,SE,Other Legal Requests,139,75,200
2017-06-30,Sweden,SE,Preservation Requests,3,,5
2017-06-30,Switzerland,CH,Emergency Disclosure Requests,2,100,2
2017-06-30,Switzerland,CH,Other Legal Requests,148,61,205
2017-06-30,Switzerland,CH,Preservation Requests,14,,21
2017-06-30,Taiwan,TW,Other Legal Requests,190,51,261
2017-06-30,Thailand,TH,Other Legal Requests,4,0,6
2017-06-30,Turkey,TR,Other Legal Requests,906,0,1117
2017-06-30,Turkey,TR,Preservation Requests,5,,7
2017-06-30,Ukraine,UA,Emergency Disclosure Requests,3,33,3
2017-06-30,Ukraine,UA,Other Legal Requests,4,0,66
2017-06-30,United Arab Emirates,AE,Emergency Disclosure Requests,1,0,1
2017-06-30,United Arab Emirates,AE,Other Legal Requests,2,0,2
2017-06-30,United Kingdom,GB,Emergency Disclosure Requests,258,85,1026
2017-06-30,United Kingdom,GB,Other Legal Requests,3239,70,3965
2017-06-30,United Kingdom,GB,Preservation Requests,115,,175
2017-06-30,United States,US,Emergency Disclosure Requests,475,80,806
2017-06-30,United States,US,Other Court Orders,1533,81,4447
2017-06-30,United States,US,Pen Register Orders,284,97,621
2017-06-30,United States,US,Preservation Requests,6907,,15193
2017-06-30,United States,US,Search Warrants,5201,85,10174
2017-06-30,United States,US,Subpoenas,9320,78,17642
2017-06-30,United States,US,Wiretap Orders,10,100,19
2017-06-30,Uruguay,UY,Emergency Disclosure Requests,1,0,1
2017-06-30,Uruguay,UY,Other Legal Requests,1,0,1
2017-06-30,Venezuela,VE,Other Legal Requests,1,0,1
2017-12-31,Argentina,AR,Emergency Disclosure Requests,3,33,12
2017-12-31,Argentina,AR,Other Legal Requests,566,60,901
2017-12-31,Argentina,AR,Preservation Requests,47,,76
2017-12-31,Australia,AU,Emergency Disclosure Requests,7,71,10
2017-12-31,Australia,AU,Other Legal Requests,1460,71,2100
2017-12-31,Australia,AU,Preservation Requests,69,,77
2017-12-31,Austria,AT,Emergency Disclosure Requests,7,43,9
2017-12-31,Austria,AT,Other Legal Requests,80,64,106
2017-12-31,Austria,AT,Preservation Requests,1,,1
2017-12-31,Bangladesh,BD,Emergency Disclosure Requests,4,25,5
2017-12-31,Bangladesh,BD,Other Legal Requests,1,0,1
2017-12-31,Belarus,BY,Other Legal Requests,1,0,1
2017-12-31,Belgium,BE,Emergency Disclosure Requests,4,50,5
2017-12-31,Belgium,BE,Other Legal Requests,316,75,384
2017-12-31,Belgium,BE,Preservation Requests,10,,20
2017-12-31,Brazil,BR,Emergency Disclosure Requests,6,33,20
2017-12-31,Brazil,BR,Other Legal Requests,1339,62,5041
2017-12-31,Brazil,BR,Preservation Requests,35,,105
2017-12-31,Bulgaria,BG,Other Legal Requests,5,0,5
2017-12-31,Canada,CA,Emergency Disclosure Requests,40,73,46
2017-12-31,Canada,CA,Other Legal Requests,40,50,80
2017-12-31,Canada,CA,Preservation Requests,77,,157
2017-12-31,Chile,CL,Other Legal Requests,162,57,291
2017-12-31,Chile,CL,Preservation Requests,6,,13
2017-12-31,Colombia,CO,Emergency Disclosure Requests,3,0,3
2017-12-31,Colombia,CO,Other Legal Requests,33,0,42
2017-12-31,Colombia,CO,Preservation Requests,5,,6
2017-12-31,Costa Rica,CR,Other Legal Requests,1,0,1
2017-12-31,Costa Rica,CR,Preservation Requests,16,,22
2017-12-31,Cyprus,CY,Preservation Requests,1,,2
2017-12-31,Czechia,CZ,Emergency Disclosure Requests,3,67,4
2017-12-31,Czechia,CZ,Other Legal Requests,168,55,265
2017-12-31,Czechia,CZ,Preservation Requests,9,,21
2017-12-31,Denmark,DK,Other Legal Requests,28,39,44
2017-12-31,Denmark,DK,Preservation Requests,6,,9
2017-12-31,Dominican Republic,DO,Other Legal Requests,1,0,1
2017-12-31,Ecuador,EC,Other Legal Requests,4,0,5
2017-12-31,El Salvador,SV,Other Legal Requests,3,0,3
2017-12-31,Estonia,EE,Other Legal Requests,44,75,85
2017-12-31,Estonia,EE,Preservation Requests,3,,4
2017-12-31,Finland,FI,Emergency Disclosure Requests,2,50,9
2017-12-31,Finland,FI,Other Legal Requests,58,76,86
2017-12-31,Finland,FI,Preservation Requests,10,,15
2017-12-31,France,FR,Emergency Disclosure Requests,10,60,11
2017-12-31,France,FR,Other Legal Requests,5832,62,7089
2017-12-31,Germany,DE,Emergency Disclosure Requests,55,60,99
2017-12-31,Germany,DE,Other Legal Requests,6905,58,10206
2017-12-31,Germany,DE,Preservation Requests,32,,67
2017-12-31,Greece,GR,Emergency Disclosure Requests,14,86,15
2017-12-31,Greece,GR,Other Legal Requests,145,30,186
2017-12-31,Greece,GR,Preservation Requests,38,,50
2017-12-31,Guinea,GN,Other Legal Requests,1,0,1
2017-12-31,Hong Kong,HK,Emergency Disclosure Requests,2,100,3
2017-12-31,Hong Kong,HK,Other Legal Requests,124,56,147
2017-12-31,Hungary,HU,Emergency Disclosure Requests,1,0,1
2017-12-31,Hungary,HU,Other Legal Requests,56,0,72
2017-12-31,Hungary,HU,Preservation Requests,1,,1
2017-12-31,India,IN,Emergency Disclosure Requests,9,11,40
2017-12-31,India,IN,Other Legal Requests,4499,58,8549
2017-12-31,India,IN,Preservation Requests,11,,73
2017-12-31,Indonesia,ID,Other Legal Requests,1,0,1
2017-12-31,Ireland,IE,Emergency Disclosure Requests,4,25,4
2017-12-31,Ireland,IE,Other Legal Requests,32,47,48
2017-12-31,Ireland,IE,Preservation Requests,39,,47
2017-12-31,Israel,IL,Emergency Disclosure Requests,106,74,107
2017-12-31,Israel,IL,Other Legal Requests,168,68,256
2017-12-31,Israel,IL,Preservation Requests,13,,19
2017-12-31,Italy,IT,Emergency Disclosure Requests,5,80,7
2017-12-31,Italy,IT,Other Legal Requests,1064,39,1459
2017-12-31,Italy,IT,Preservation Requests,16,,30
2017-12-31,Japan,JP,Emergency Disclosure Requests,11,55,16
2017-12-31,Japan,JP,Other Legal Requests,178,79,283
2017-12-31,Japan,JP,Preservation Requests,23,,79
2017-12-31,Jordan,JO,Emergency Disclosure Requests,1,100,2
2017-12-31,Jordan,JO,Other Legal Requests,1,0,1
2017-12-31,Kenya,KE,Other Legal Requests,2,0,2
2017-12-31,Kosovo,XK,Emergency Disclosure Requests,1,100,1
2017-12-31,Kosovo,XK,Preservation Requests,1,,1
2017-12-31,Kuwait,KW,Emergency Disclosure Requests,2,50,2
2017-12-31,Latvia,LV,Other Legal Requests,3,0,3
2017-12-31,Latvia,LV,Preservation Requests,1,,1
2017-12-31,Lebanon,LB,Other Legal Requests,1,0,2
2017-12-31,Lithuania,LT,Emergency Disclosure Requests,2,50,2
2017-12-31,Lithuania,LT,Other Legal Requests,57,81,135
2017-12-31,Lithuania,LT,Preservation Requests,7,,58
2017-12-31,Luxembourg,LU,Other Legal Requests,1,0,1
2017-12-31,Luxembourg,LU,Preservation Requests,4,,4
2017-12-31,Macedonia (FYROM),MK,Other Legal Requests,8,0,11
2017-12-31,Macedonia (FYROM),MK,Preservation Requests,2,,2
2017-12-31,Malaysia,MY,Other Legal Requests,1,0,1
2017-12-31,Malta,MT,Other Legal Requests,57,14,68
2017-12-31,Mexico,MX,Other Legal Requests,219,54,375
2017-12-31,Monaco,MC,Other Legal Requests,5,20,7
2017-12-31,Monaco,MC,Preservation Requests,1,,1
2017-12-31,Montenegro,ME,Emergency Disclosure Requests,1,0,1
2017-12-31,Netherlands,NL,Emergency Disclosure Requests,9,56,12
2017-12-31,Netherlands,NL,Other Legal Requests,338,61,362
2017-12-31,Netherlands,NL,Preservation Requests,21,,21
2017-12-31,New Zealand,NZ,Emergency Disclosure Requests,2,0,2
2017-12-31,New Zealand,NZ,Other Legal Requests,29,59,43
2017-12-31,New Zealand,NZ,Preservation Requests,8,,30
2017-12-31,Norway,NO,Emergency Disclosure Requests,1,100,1
2017-12-31,Norway,NO,Other Legal Requests,68,41,93
2017-12-31,Norway,NO,Preservation Requests,4,,12
2017-12-31,Pakistan,PK,Emergency Disclosure Requests,22,77,26
2017-12-31,Pakistan,PK,Other Legal Requests,5,0,8
2017-12-31,Paraguay,PY,Other Legal Requests,4,0,6
2017-12-31,Peru,PE,Other Legal Requests,10,0,21
2017-12-31,Philippines,PH,Emergency Disclosure Requests,2,50,2
2017-12-31,Philippines,PH,Other Legal Requests,1,0,1
2017-12-31,Philippines,PH,Preservation Requests,3,,3
2017-12-31,Poland,PL,Emergency Disclosure Requests,22,59,51
2017-12-31,Poland,PL,Other Legal Requests,685,35,918
2017-12-31,Poland,PL,Preservation Requests,8,,14
2017-12-31,Portugal,PT,Other Legal Requests,610,64,721
2017-12-31,Portugal,PT,Preservation Requests,12,,12
2017-12-31,Romania,RO,Other Legal Requests,32,41,107
2017-12-31,Russia,RU,Other Legal Requests,330,8,603
2017-12-31,Saudi Arabia,SA,Emergency Disclosure Requests,1,0,7
2017-12-31,Serbia,RS,Emergency Disclosure Requests,1,0,1
2017-12-31,Singapore,SG,Emergency Disclosure Requests,3,100,3
2017-12-31,Singapore,SG,Other Legal Requests,267,66,320
2017-12-31,Slovakia,SK,Other Legal Requests,24,0,29
2017-12-31,Slovenia,SI,Other Legal Requests,22,55,27
2017-12-31,Slovenia,SI,Preservation Requests,2,,3
2017-12-31,South Africa,ZA,Other Legal Requests,1,0,2
2017-12-31,South Africa,ZA,Preservation Requests,3,,37
2017-12-31,South Korea,KR,Emergency Disclosure Requests,2,0,8
2017-12-31,South Korea,KR,Other Legal Requests,570,46,1433
2017-12-31,Spain,ES,Other Legal Requests,817,47,1206
2017-12-31,Spain,ES,Preservation Requests,14,,31
2017-12-31,Sri Lanka,LK,Other Legal Requests,1,0,1
2017-12-31,Sri Lanka,LK,Preservation Requests,1,,3
2017-12-31,Sweden,SE,Emergency Disclosure Requests,3,33,4
2017-12-31,Sweden,SE,Other Legal Requests,113,75,154
2017-12-31,Sweden,SE,Preservation Requests,20,,37
2017-12-31,Switzerland,CH,Emergency Disclosure Requests,4,50,7
2017-12-31,Switzerland,CH,Other Legal Requests,206,58,370
2017-12-31,Switzerland,CH,Preservation Requests,29,,91
2017-12-31,Taiwan,TW,Other Legal Requests,352,32,546
2017-12-31,Thailand,TH,Other Legal Requests,5,0,6
2017-12-31,Turkey,TR,Emergency Disclosure Requests,1,100,2
2017-12-31,Turkey,TR,Other Legal Requests,510,0,596
2017-12-31,Ukraine,UA,Other Legal Requests,2,0,6
2017-12-31,United Kingdom,GB,Emergency Disclosure Requests,529,89,1794
2017-12-31,United Kingdom,GB,Other Legal Requests,3244,70,4236
2017-12-31,United Kingdom,GB,Preservation Requests,89,,194
2017-12-31,United States,US,Emergency Disclosure Requests,437,77,734
2017-12-31,United States,US,Other Court Orders,1334,81,4568
2017-12-31,United States,US,Pen Register Orders,281,94,744
2017-12-31,United States,US,Preservation Requests,6971,,16183
2017-12-31,United States,US,Search Warrants,5182,86,10237
2017-12-31,United States,US,Subpoenas,8816,79,18456
2017-12-31,United States,US,Wiretap Orders,4,100,8
2017-12-31,Uruguay,UY,Other Legal Requests,2,0,2
